"Bucket","Key","VersionId","IsLatest","IsDeleteMarker","Size","LastModifiedDate","ETag","StorageClass","IsMultipartUploaded","ReplicationStatus"
"archivedlogs","2016/02/01/app/errors.log.bz2","","true","false","23934","2018-02-24T02:52:06.000Z","ce3d02c4fa4337b04a5d8793447af435","GLACIER","true",""
"archivedlogs","2016/02/01/app/requests.log.bz2","","true","false","23934","2018-02-24T02:52:06.000Z","93ff9965fc686c6f949224ffb3ac5bb1","GLACIER","true",""
"archivedlogs","2016/02/01/database/errors.log.bz2","","true","false","23934","2018-02-24T02:52:06.000Z","ce3d02c4fa4337b04a5d8793447af435","GLACIER","true",""
"archivedlogs","2016/02/01/database/queries.log.bz2","","true","false","23934","2018-02-24T02:52:06.000Z","93ff9965fc686c6f949224ffb3ac5bb1","GLACIER","true",""
"archivedlogs","2016/03/12/app/errors.log","","true","false","24807112","2018-02-24T03:04:31.000Z","8a9d277634c366062a88a05b2ce8daa1","GLACIER","true",""
"archivedlogs","2016/03/12/app/requests.log.bz2","","true","false","24807112","2018-02-24T03:04:31.000Z","22047d70b5e9ccef836d675290288e76","GLACIER","true",""
"archivedlogs","2016/03/12/database/errors.log.bz2","","true","false","24807112","2018-02-24T03:04:31.000Z","8a9d277634c366062a88a05b2ce8daa1","GLACIER","true",""
"archivedlogs","2016/03/12/database/queries.log.bz2","","true","false","24807112","2018-02-24T03:04:31.000Z","22047d70b5e9ccef836d675290288e76","GLACIER","true",""
"archivedlogs","2016/04/30/app/errors.log.bz2","","true","false","44886","2018-02-24T02:49:31.000Z","ccc627109a7053639f0b0156b3258bad","GLACIER","true",""
"archivedlogs","2016/04/30/app/requests.log.bz2","","true","false","44886","2018-02-24T02:49:31.000Z","17cd05d361685fd4ce692e45d218c20d","GLACIER","true",""
"archivedlogs","2016/04/30/database/errors.log.bz2","","true","false","44886","2018-02-24T02:49:31.000Z","ccc627109a7053639f0b0156b3258bad","GLACIER","true",""
"archivedlogs","2016/04/30/database/queries.log.bz2","","true","false","44886","2018-02-24T02:49:31.000Z","17cd05d361685fd4ce692e45d218c20d","GLACIER","true",""
"archivedlogs","2016/06/23/app/errors.log.bz2","","true","false","13316010","2018-02-24T03:01:33.000Z","0cc025a837a0291c0174a131879a837d","GLACIER","true",""
"archivedlogs","2016/06/23/app/requests.log.bz2","","true","false","13316010","2018-02-24T03:01:33.000Z","a18c3483f0d8402b85b01835fc55c7b5","GLACIER","true",""
"archivedlogs","2016/06/23/database/errors.log.bz2","","true","false","13316010","2018-02-24T03:01:33.000Z","0cc025a837a0291c0174a131879a837d","GLACIER","true",""
"archivedlogs","2016/06/23/database/queries.log.bz2","","true","false","13316010","2018-02-24T03:01:33.000Z","a18c3483f0d8402b85b01835fc55c7b5","GLACIER","true",""
"archivedlogs","2017/03/07/app/errors.log.gz","","true","false","37754","2018-02-24T02:42:31.000Z","d104e63a91da73c16c3afedc7a475fb2","STANDARD","true",""
"archivedlogs","2017/03/07/app/requests.log.gz","","true","false","37754","2018-02-24T02:42:31.000Z","f70f534d4073e48ac950d06b07e1f833","STANDARD","true",""
"archivedlogs","2017/03/07/database/errors.log.gz","","true","false","37754","2018-02-24T02:42:31.000Z","d104e63a91da73c16c3afedc7a475fb2","STANDARD","true",""
"archivedlogs","2017/03/07/database/queries.log.gz","","true","false","37754","2018-02-24T02:42:31.000Z","f70f534d4073e48ac950d06b07e1f833","STANDARD","true",""
"archivedlogs","2017/04/12/app/errors.log.gz","","true","false","9425","2018-02-24T02:57:54.000Z","c3b1904e5cacb13db675bfbfe6e5a30a","STANDARD","true",""
"archivedlogs","2017/04/12/app/requests.log","","true","false","9425","2018-02-24T02:57:54.000Z","843a174e195ec26e35d99f54b3a66966","STANDARD","true",""
"archivedlogs","2017/04/12/database/errors.log.gz","","true","false","9425","2018-02-24T02:57:54.000Z","c3b1904e5cacb13db675bfbfe6e5a30a","STANDARD","true",""
"archivedlogs","2017/04/12/database/queries.log.gz","","true","false","9425","2018-02-24T02:57:54.000Z","843a174e195ec26e35d99f54b3a66966","STANDARD","true",""
"archivedlogs","2017/08/22/app/errors.log.gz","","true","false","6821582","2018-02-24T02:51:24.000Z","377c6782e32dd7bb4eba66aefc7f3091","STANDARD","true",""
"archivedlogs","2017/08/22/app/requests.log.gz","","true","false","6821582","2018-02-24T02:51:24.000Z","87d7ea57e39e4d2cdf62e12d3d5b9143","STANDARD","true",""
"archivedlogs","2017/08/22/database/errors.log.gz","","true","false","6821582","2018-02-24T02:51:24.000Z","377c6782e32dd7bb4eba66aefc7f3091","STANDARD","true",""
"archivedlogs","2017/08/22/database/queries.log.gz","","true","false","6821582","2018-02-24T02:51:24.000Z","87d7ea57e39e4d2cdf62e12d3d5b9143","STANDARD","true",""
"archivedlogs","2017/09/04/app/errors.log.gz","","true","false","8016","2018-02-24T02:55:19.000Z","5e9f243dc675e4f4cc37a504ef07b4dc","STANDARD","true",""
"archivedlogs","2017/09/04/app/requests.log.gz","","true","false","8016","2018-02-24T02:55:19.000Z","703ca74c680a5eb347de76baac91b741","STANDARD","true",""
"archivedlogs","2017/09/04/database/errors.log.gz","","true","false","8016","2018-02-24T02:55:19.000Z","5e9f243dc675e4f4cc37a504ef07b4dc","STANDARD","true",""
"archivedlogs","2017/09/04/database/queries.log.gz","","true","false","8016","2018-02-24T02:55:19.000Z","703ca74c680a5eb347de76baac91b741","STANDARD","true",""
"logs","2018/07/22/app/errors.log.gz","","true","false","1492486","2018-02-24T02:57:34.000Z","0bb0f6a8f0316cc5630c352a6367cc77","STANDARD","true",""
"logs","2018/07/22/app/requests.log.gz","","true","false","1492486","2018-02-24T02:57:34.000Z","5913366c1da3f8eb61104436fe561090","STANDARD","true",""
"logs","2018/07/22/database/errors.log.gz","","true","false","1492486","2018-02-24T02:57:34.000Z","0bb0f6a8f0316cc5630c352a6367cc77","STANDARD","true",""
"logs","2018/07/22/database/queries.log.gz","","true","false","1492486","2018-02-24T02:57:34.000Z","5913366c1da3f8eb61104436fe561090","STANDARD","true",""
"logs","2018/08/14/app/errors.log.gz","","true","false","2427","2018-02-24T02:53:51.000Z","da8db52ca9e9d57d7dfb0a9c46fdef11","STANDARD","true",""
"logs","2018/08/14/app/requests.log.gz","","true","false","2427","2018-02-24T02:53:51.000Z","a68a00bdd716b4b345710599fef8852f","STANDARD","true",""
"logs","2018/08/14/database/errors.log.gz","","true","false","2427","2018-02-24T02:53:51.000Z","da8db52ca9e9d57d7dfb0a9c46fdef11","STANDARD","true",""
"logs","2018/08/14/database/queries.log.gz","","true","false","2427","2018-02-24T02:53:51.000Z","a68a00bdd716b4b345710599fef8852f","STANDARD","true",""
"logs","2018/09/17/app/errors.log.gz","","true","false","10934170","2018-02-24T02:54:23.000Z","1a0d029184217692731c62c57c4e1cae","STANDARD","true",""
"logs","2018/09/17/app/requests.log.gz","","true","false","10934170","2018-02-24T02:54:23.000Z","7fabb3cf228d2a15e8b554f285102c69","STANDARD","true",""
"logs","2018/09/17/database/errors.log.gz","","true","false","10934170","2018-02-24T02:54:23.000Z","1a0d029184217692731c62c57c4e1cae","STANDARD","true",""
"logs","2018/09/17/database/queries.log.gz","","true","false","10934170","2018-02-24T02:54:23.000Z","7fabb3cf228d2a15e8b554f285102c69","STANDARD","true",""
"logs","2018/10/21/app/errors.log.gz","","true","false","8680","2018-02-24T03:08:25.000Z","bc8571412ed79b4a43054999ee4edb45","STANDARD","true",""
"logs","2018/10/21/app/requests.log.gz","","true","false","8680","2018-02-24T03:08:25.000Z","64f677c7615368a4f2036417613a4b41","STANDARD","true",""
"logs","2018/10/21/database/errors.log.gz","","true","false","8680","2018-02-24T03:08:25.000Z","bc8571412ed79b4a43054999ee4edb45","STANDARD","true",""
"logs","2018/10/21/database/queries.log.gz","","true","false","8680","2018-02-24T03:08:25.000Z","64f677c7615368a4f2036417613a4b41","STANDARD","true",""
"logs","2018/12/11/app/errors.log.gz","","true","false","13886763","2018-02-24T02:56:53.000Z","e7ca63a015b651adb0b777d59811e105","STANDARD","true",""
"logs","2018/12/11/app/requests.log.gz","","true","false","13886763","2018-02-24T02:56:53.000Z","614def060f8273672eb33f528cbc90c4","STANDARD","true",""
"logs","2018/12/11/database/errors.log.gz","","true","false","13886763","2018-02-24T02:56:53.000Z","e7ca63a015b651adb0b777d59811e105","STANDARD","true",""
"logs","2018/12/11/database/queries.log.gz","","true","false","13886763","2018-02-24T02:56:53.000Z","614def060f8273672eb33f528cbc90c4","STANDARD","true",""
